商品名稱,價格,SKU
Clarks 空氣鞋- Craftravel Go全皮面輕盈休閒鞋(白色) CLM87320C-男,NT$7,880,CLM87320C
Clarks 空氣鞋- Craftravel Go全皮面輕盈休閒鞋(黑色) CLM87318C-男,NT$7,880,CLM87318C
Clarks 微風跑- Zeph Run Joy全皮面厚底運動休閒鞋(海軍藍) CLM87638C-男,NT$6,880,CLM87638C
Clarks 空氣鞋- Craftravel Pad全皮面輕盈休閒鞋 (黑色) CLF87323C-女,NT$7,280,CLF87323C
Clarks 空氣鞋- Craftravel Pad全皮面輕盈休閒鞋 (白色) CLF87322C-女,NT$7,280,CLF87322C
Clarks 空氣鞋- Craftravel Izy 潮流撞色可後踩兩穿德訓鞋 (綠色) CLF82539C-女,NT$7,280,CLF82539C
Clarks 三瓣鞋2.0- Trigenic2 Tact手工縫線工藝設計輕盈寬楦休閒鞋 (黑色) CLM87635C-男,NT$7,580,CLM87635C
Clarks 三瓣鞋2.0- Trigenic2 Tact手工縫線工藝設計輕盈寬楦休閒鞋 (淺灰色) CLM87358C-男,NT$7,580,CLM87358C
Clarks 三瓣鞋2.0- Trigenic2 Tact手工縫線設計輕盈寬楦休閒鞋(銀色) CLF87754C-女,NT$7,280,CLF87754C
Clarks 三瓣鞋2.0- Trigenic2 Tact手工縫線設計輕盈寬楦休閒鞋(粉色) CLF87364C-女,NT$7,280,CLF87364C
Clarks 三瓣鞋2.0- Trigenic Met GTX異材質拼接設計輕盈寬楦GTX防水休閒鞋(黑色) CLM85491C-男,NT$8,880,CLM85491C
Clarks 微風跑- Zeph Run Joy全皮面厚底運動休閒鞋(黑色) CLM84559C-男,NT$6,880,CLM84559C
Clarks 空氣鞋-Craftravel Izy 潮流撞色可後踩兩穿德訓鞋 (海軍藍) CLM82541C-男,NT$7,880,CLM82541C
Clarks 空氣鞋-Craftravel Izy 潮流撞色可後踩兩穿德訓鞋 (綠色) CLM82540C-男,NT$7,880,CLM82540C
Clarks 三瓣鞋2.0- Trigenic2 Tact手工縫線工藝設計輕盈寬楦休閒鞋 (白色) CLM80736C-男,NT$7,580,CLM80736C
