商品名稱,價格
【Clarks】男鞋 Clarkbay Go 愜意穿搭兩眼孔麂皮帆船休閒鞋 懶人鞋 帆船鞋(CLM77499C),"$
1980"
【Clarks】女鞋 Havisham Oak 絕對經典布洛克雕花牛津鞋(CLF78709C),"$
3600
(售價已折)"
【Clarks】女鞋 Aristella Rose 全皮革細帶交織輕量平底涼鞋(CLF81259S),"$
3600
(售價已折)"
【Clarks】男鞋 Un Aldric On 全新升級寬楦優質便士樂福鞋(CLM78044D),"$
4300
(售價已折)"
【Clarks】休閒百搭 女鞋 男鞋 涼鞋 拖鞋 厚底鞋(網路獨家),"$
2860
(售價已折)"
【Clarks】女鞋 ATL Trek Fish 時尚厚底瑪莉珍鞋 休閒鞋 機能鞋(CLF82522C),"$
3600
(售價已折)"
【Clarks】女鞋 Havisham Oak 絕對經典布洛克雕花牛津鞋(CLF78714C),"$
3600
(售價已折)"
【Clarks】經典女靴 男鞋 女鞋 短靴/厚底靴/雪靴/休閒鞋(網路獨家限定),"$
4690
(售價已折)"
【Clarks】女鞋 Meadow Ave 低調別緻線形交錯設計娃娃鞋 平底鞋(CLF79646C),"$
2860
(售價已折)"
【Clarks】女鞋 Craftravel Lit 簡約拚接年輕時尚潮流板鞋 休閒鞋 運動鞋 德訓鞋(CLF82544C/CLF82545C),"$
4300
(售價已折)"
【Clarks】女鞋 Sensa15 Joy 鞋面拼接設計低跟尖頭鞋 平底鞋(CLF82565D),"$
3600
(售價已折)"
【Clarks】女鞋 Quilto Step 柔軟舒適真皮流蘇莫卡辛鞋 豆豆鞋(CLF80714C),"$
3600
(售價已折)"
【Clarks】女鞋 Trigenic2 See. 三瓣鞋2.0 全皮面輕量魔鬼氈設計涼鞋(CLF82571S),"$
3600
(售價已折)"
【Clarks】女鞋 Quilto Step 柔軟舒適真皮樂福鞋 莫卡辛鞋(CLF78143C),"$
3600
(售價已折)"
【Clarks】男鞋 Clarks Pro Lace 優質皮感柔軟透氣休閒鞋(CLM75191C),"$
6318
(售價已折)"
【Clarks】女鞋 Arwell Walk 牛巴戈拖鞋 涼鞋(CLF77581S),"$
3600
(售價已折)"
【Clarks】男鞋 ATL Coast Surf 速乾溯溪鞋 涼鞋 水涼鞋(CLM82658C),"$
3600
(售價已折)"
【Clarks】男鞋 Solsbury DB 雙縫線極簡鞋面輕量圓頭休閒靴(CLM79716B),"$
4300
(售價已折)"
【Clarks】男鞋 Craftravel Izy 空氣鞋 休閒鞋 小白鞋 德訓鞋(CLM82666C),"$
5600
(售價已折)"
【Clarks】女鞋 Wrenly Eve 鏈條裝飾時尚楔型厚底涼鞋(CLF82086S),"$
2860
(售價已折)"
【Clarks】女鞋 Trigenic2 Mule 三瓣鞋2.0 輕盈寬楦休閒穆勒鞋 休閒鞋 懶人鞋 半截式便鞋(CLF82597C),"$
3600
(售價已折)"
【Clarks】女鞋 Tivoli Zip 微尖頭側拉鏈輕盈休閒鞋(CLF79100C),"$
2860
(售價已折)"
【Clarks】女鞋 Narini Edge 柔軟麂皮流蘇樂福鞋(CLF81453C),"$
3600
(售價已折)"
【Clarks】女鞋 Quilto Step 柔軟舒適真皮樂福鞋 莫卡辛鞋(CLF78148C),"$
3600
(售價已折)"
【Clarks】女鞋 Sensa15 Joy 鞋面拼接設計低跟尖頭鞋 平底鞋(CLF82600D),"$
3600
(售價已折)"
【Clarks】男鞋 Polden Lace 輕量厚底綁帶素面休閒鞋(CLM81379C),"$
4300
(售價已折)"
【Clarks】女鞋 Coley15 Bell 精緻工藝蝴蝶結娃娃鞋 平底鞋(CLF82526C),"$
4555
(售價已折)"
【Clarks】女鞋 Wrenly Eve 鏈條裝飾時尚楔型厚底涼鞋(CLF82085S),"$
2860
(售價已折)"
